YearStart,LocationAbbr,DataValue,Stratification1
2019,AZ,97.2,"American Indian or Alaska Native, non-Hispanic"
2019,AK,132.3,"Black, non-Hispanic"
2019,AR,230.9,"Black, non-Hispanic"
2019,AZ,140.3,"Black, non-Hispanic"
2019,AZ,65.4,"Asian, non-Hispanic"
2019,AK,160.4,"American Indian or Alaska Native, non-Hispanic"
2019,AZ,54.4,"Multiracial, non-Hispanic"
2019,AZ,254.2,"White, non-Hispanic"
2019,AK,64.4,"Asian, non-Hispanic"
2019,AK,56.5,"Multiracial, non-Hispanic"
2019,AR,38.5,Hispanic
2019,AL,318.5,"White, non-Hispanic"
2019,AL,82.9,"American Indian or Alaska Native, non-Hispanic"
2019,AZ,61.0,Hispanic
2019,AL,65.2,"Asian, non-Hispanic"
2019,AR,72.0,"Asian, non-Hispanic"
2019,AK,122.5,"White, non-Hispanic"
2019,AR,341.0,"White, non-Hispanic"
2019,AL,238.4,"Black, non-Hispanic"
2019,AR,216.6,"Hawaiian or Pacific Islander, non-Hispanic"
2019,AL,22.4,Hispanic
2019,CA,68.6,Hispanic
2019,FL,87.0,"American Indian or Alaska Native, non-Hispanic"
2019,CT,158.1,"Black, non-Hispanic"
2019,CA,272.7,"White, non-Hispanic"
2019,DE,30.0,Hispanic
2019,GA,54.2,"Asian, non-Hispanic"
2019,CT,55.6,Hispanic
2019,FL,33.8,"Multiracial, non-Hispanic"
2019,DE,56.2,"Asian, non-Hispanic"
2019,GA,243.7,"White, non-Hispanic"
2019,CT,270.1,"White, non-Hispanic"
2019,CO,20.1,"Multiracial, non-Hispanic"
2019,DC,299.4,"Black, non-Hispanic"
2019,GA,25.9,Hispanic
2019,CA,100.3,"Asian, non-Hispanic"
2019,FL,306.0,"White, non-Hispanic"
2019,CA,44.9,"Multiracial, non-Hispanic"
2019,DE,147.2,"Black, non-Hispanic"
2019,GA,164.4,"Black, non-Hispanic"
2019,CT,45.8,"Asian, non-Hispanic"
2019,DC,71.1,"White, non-Hispanic"
2019,CO,62.3,Hispanic
2019,DE,277.5,"White, non-Hispanic"
2019,CA,236.4,"Black, non-Hispanic"
2019,CA,205.5,"Hawaiian or Pacific Islander, non-Hispanic"
2019,CO,140.0,"Black, non-Hispanic"
2019,CO,104.5,"American Indian or Alaska Native, non-Hispanic"
2019,CO,165.6,"White, non-Hispanic"
2019,FL,155.1,"Black, non-Hispanic"
2019,CO,49.3,"Asian, non-Hispanic"
2019,FL,112.1,Hispanic
2019,CA,165.1,"American Indian or Alaska Native, non-Hispanic"
2019,DC,49.1,Hispanic
2019,FL,70.6,"Asian, non-Hispanic"
2019,IN,36.2,"Asian, non-Hispanic"
2019,IN,247.7,"White, non-Hispanic"
2019,IN,182.2,"Black, non-Hispanic"
2019,KY,263.6,"White, non-Hispanic"
2019,IL,232.6,"Black, non-Hispanic"
2019,ID,200.8,"White, non-Hispanic"
2019,HI,219.2,"Asian, non-Hispanic"
2019,LA,68.6,"Asian, non-Hispanic"
2019,IL,256.4,"White, non-Hispanic"
2019,LA,280.4,"White, non-Hispanic"
2019,HI,184.9,"White, non-Hispanic"
2019,IA,270.3,"White, non-Hispanic"
2019,IA,39.9,"Asian, non-Hispanic"
2019,IA,32.2,Hispanic
2019,IL,21.8,"Multiracial, non-Hispanic"
2019,KS,38.7,"Asian, non-Hispanic"
2019,IN,42.3,Hispanic
2019,IL,69.0,"Asian, non-Hispanic"
2019,LA,105.8,"American Indian or Alaska Native, non-Hispanic"
2019,IL,48.5,Hispanic
2019,HI,135.7,"Hawaiian or Pacific Islander, non-Hispanic"
2019,KS,249.2,"White, non-Hispanic"
2019,KY,26.9,Hispanic
2019,ID,31.4,Hispanic
2019,KY,41.6,"Asian, non-Hispanic"
2019,KS,194.2,"Black, non-Hispanic"
2019,KY,200.1,"Black, non-Hispanic"
2019,HI,72.0,"Black, non-Hispanic"
2019,LA,228.4,"Black, non-Hispanic"
2019,KS,41.0,Hispanic
2019,KS,193.4,"American Indian or Alaska Native, non-Hispanic"
2019,LA,57.5,Hispanic
2019,KS,83.8,"Multiracial, non-Hispanic"
2019,HI,152.7,"Multiracial, non-Hispanic"
2019,IA,110.3,"Black, non-Hispanic"
2019,HI,86.8,Hispanic
2019,ID,136.8,"American Indian or Alaska Native, non-Hispanic"
2019,MO,40.2,Hispanic
2019,MS,35.0,Hispanic
2019,MN,136.1,"American Indian or Alaska Native, non-Hispanic"
2019,MN,16.9,"Multiracial, non-Hispanic"
2019,MT,206.3,"American Indian or Alaska Native, non-Hispanic"
2019,MO,88.6,"American Indian or Alaska Native, non-Hispanic"
2019,MA,43.9,Hispanic
2019,MO,216.1,"Black, non-Hispanic"
2019,MA,214.7,"White, non-Hispanic"
2019,MI,44.1,"Multiracial, non-Hispanic"
2019,MI,139.7,"American Indian or Alaska Native, non-Hispanic"
2019,MS,205.7,"American Indian or Alaska Native, non-Hispanic"
2019,MI,281.9,"White, non-Hispanic"
2019,MO,271.8,"White, non-Hispanic"
2019,MS,220.4,"Black, non-Hispanic"
2019,MS,324.0,"White, non-Hispanic"
2019,MN,67.4,"Black, non-Hispanic"
2019,MI,50.3,"Asian, non-Hispanic"
2019,MD,33.1,Hispanic
2019,MO,60.4,"Asian, non-Hispanic"
2019,MA,37.3,"Asian, non-Hispanic"
2019,MN,38.1,"Asian, non-Hispanic"
2019,MT,230.5,"White, non-Hispanic"
2019,MI,270.1,"Black, non-Hispanic"
2019,MO,18.7,"Multiracial, non-Hispanic"
2019,MD,256.7,"White, non-Hispanic"
2019,MI,66.5,Hispanic
2019,MS,96.1,"Asian, non-Hispanic"
2019,MA,35.8,"Multiracial, non-Hispanic"
2019,MD,68.8,"Asian, non-Hispanic"
2019,MD,191.5,"Black, non-Hispanic"
2019,MN,176.1,"White, non-Hispanic"
2019,MN,20.3,Hispanic
2019,MA,99.5,"Black, non-Hispanic"
2019,ME,230.2,"White, non-Hispanic"
2019,NY,285.5,"White, non-Hispanic"
2019,NC,229.0,"White, non-Hispanic"
2019,NV,248.2,"Black, non-Hispanic"
2019,NJ,197.7,"Black, non-Hispanic"
2019,NV,44.2,"Multiracial, non-Hispanic"
2019,NV,56.3,Hispanic
2019,NC,23.3,Hispanic
2019,NE,23.2,Hispanic
2019,NE,117.1,"Black, non-Hispanic"
2019,NJ,62.1,Hispanic
2019,NM,186.9,"Black, non-Hispanic"
2019,NV,159.3,"American Indian or Alaska Native, non-Hispanic"
2019,NM,131.9,Hispanic
2019,NH,218.5,"White, non-Hispanic"
2019,NJ,303.0,"White, non-Hispanic"
2019,NY,106.8,Hispanic
2019,NE,128.6,"American Indian or Alaska Native, non-Hispanic"
2019,ND,209.7,"White, non-Hispanic"
2019,ND,209.1,"American Indian or Alaska Native, non-Hispanic"
2019,NV,347.9,"White, non-Hispanic"
2019,NM,105.3,"American Indian or Alaska Native, non-Hispanic"
2019,NE,219.9,"White, non-Hispanic"
2019,NY,238.0,"Black, non-Hispanic"
2019,NV,137.1,"Asian, non-Hispanic"
2019,NC,171.5,"American Indian or Alaska Native, non-Hispanic"
2019,NJ,28.7,"Multiracial, non-Hispanic"
2019,NY,89.8,"American Indian or Alaska Native, non-Hispanic"
2019,NY,18.6,"Multiracial, non-Hispanic"
2019,NM,73.4,"Asian, non-Hispanic"
2019,NV,228.2,"Hawaiian or Pacific Islander, non-Hispanic"
2019,NM,329.3,"White, non-Hispanic"
2019,NY,99.1,"Asian, non-Hispanic"
2019,NC,46.1,"Asian, non-Hispanic"
2019,NC,176.2,"Black, non-Hispanic"
2019,NE,40.8,"Asian, non-Hispanic"
2019,NJ,61.9,"Asian, non-Hispanic"
2019,PA,54.9,"Asian, non-Hispanic"
2019,OR,210.4,"White, non-Hispanic"
2019,OK,199.6,"American Indian or Alaska Native, non-Hispanic"
2019,RI,97.0,"Black, non-Hispanic"
2019,OR,49.8,"Asian, non-Hispanic"
2019,OH,226.1,"Black, non-Hispanic"
2019,OR,117.4,"Black, non-Hispanic"
2019,OH,9.1,"Multiracial, non-Hispanic"
2019,OK,98.7,"Multiracial, non-Hispanic"
2019,OK,350.8,"White, non-Hispanic"
2019,OR,89.1,"American Indian or Alaska Native, non-Hispanic"
2019,RI,295.3,"White, non-Hispanic"
2019,OK,67.9,"Asian, non-Hispanic"
2019,PA,291.4,"White, non-Hispanic"
2019,RI,39.4,Hispanic
2019,OR,23.6,Hispanic
2019,SD,238.3,"White, non-Hispanic"
2019,SC,195.8,"Black, non-Hispanic"
2019,SC,30.6,Hispanic
2019,SC,53.6,"Asian, non-Hispanic"
2019,OH,46.3,"Asian, non-Hispanic"
2019,SC,236.4,"White, non-Hispanic"
2019,OK,48.6,Hispanic
2019,OH,276.9,"White, non-Hispanic"
2019,RI,58.0,"Asian, non-Hispanic"
2019,PA,14.1,"Multiracial, non-Hispanic"
2019,OK,259.3,"Black, non-Hispanic"
2019,PA,227.2,"Black, non-Hispanic"
2019,OH,47.8,Hispanic
2019,OR,134.7,"Hawaiian or Pacific Islander, non-Hispanic"
2019,SD,133.4,"American Indian or Alaska Native, non-Hispanic"
2019,OR,37.9,"Multiracial, non-Hispanic"
2019,PA,51.8,Hispanic
2019,TN,20.3,"Multiracial, non-Hispanic"
2019,VT,232.2,"White, non-Hispanic"
2019,WA,58.3,"Asian, non-Hispanic"
2019,UT,72.4,"American Indian or Alaska Native, non-Hispanic"
2019,US,131.8,"American Indian or Alaska Native, non-Hispanic"
2019,VA,29.8,Hispanic
2019,VA,16.3,"Multiracial, non-Hispanic"
2019,TX,127.6,"Hawaiian or Pacific Islander, non-Hispanic"
2019,TX,54.5,"Asian, non-Hispanic"
2019,UT,32.7,Hispanic
2019,TX,70.1,"American Indian or Alaska Native, non-Hispanic"
2019,TN,283.4,"White, non-Hispanic"
2019,US,259.8,"White, non-Hispanic"
2019,WV,300.1,"White, non-Hispanic"
2019,WA,32.3,"Multiracial, non-Hispanic"
2019,TX,172.7,"Black, non-Hispanic"
2019,WA,126.2,"Black, non-Hispanic"
2019,UT,46.5,"Asian, non-Hispanic"
2019,VA,187.6,"Black, non-Hispanic"
2019,WA,33.9,Hispanic
2019,TN,53.0,"Asian, non-Hispanic"
2019,VA,54.3,"Asian, non-Hispanic"
2019,US,197.6,"Black, non-Hispanic"
2019,VA,105.3,"American Indian or Alaska Native, non-Hispanic"
2019,TX,78.3,Hispanic
2019,TN,26.6,Hispanic
2019,TN,206.1,"Black, non-Hispanic"
2019,WA,128.1,"Hawaiian or Pacific Islander, non-Hispanic"
2019,US,146.0,"Hawaiian or Pacific Islander, non-Hispanic"
2019,WV,178.4,"Black, non-Hispanic"
2019,TX,251.3,"White, non-Hispanic"
2019,UT,73.6,"Black, non-Hispanic"
2019,TX,15.7,"Multiracial, non-Hispanic"
2019,US,69.0,Hispanic
2019,VA,216.3,"White, non-Hispanic"
2019,US,78.9,"Asian, non-Hispanic"
2019,UT,144.3,"White, non-Hispanic"
2019,US,33.3,"Multiracial, non-Hispanic"
2019,WA,155.4,"American Indian or Alaska Native, non-Hispanic"
2019,UT,105.1,"Hawaiian or Pacific Islander, non-Hispanic"
2019,WA,202.3,"White, non-Hispanic"
2020,CO,21.3,"Multiracial, non-Hispanic"
2019,WI,238.8,"White, non-Hispanic"
2020,AZ,279.2,"White, non-Hispanic"
2020,AR,34.1,Hispanic
2019,WI,43.6,"Asian, non-Hispanic"
2020,AZ,159.5,"Black, non-Hispanic"
2020,DE,34.0,Hispanic
2020,AR,336.1,"White, non-Hispanic"
2020,CA,214.1,"Hawaiian or Pacific Islander, non-Hispanic"
2020,DE,51.5,"Asian, non-Hispanic"
2020,AK,78.5,"Asian, non-Hispanic"
2020,CA,256.0,"Black, non-Hispanic"
2020,CT,57.9,Hispanic
2020,CO,54.6,"Asian, non-Hispanic"
2020,AL,112.8,"American Indian or Alaska Native, non-Hispanic"
2020,CA,201.5,"American Indian or Alaska Native, non-Hispanic"
2020,AZ,117.6,"American Indian or Alaska Native, non-Hispanic"
2020,AK,69.8,"Multiracial, non-Hispanic"
2020,AZ,54.9,"Multiracial, non-Hispanic"
2020,AL,35.3,Hispanic
2020,CT,259.9,"White, non-Hispanic"
2020,AZ,71.1,Hispanic
2019,WI,181.9,"Black, non-Hispanic"
2020,CT,44.8,"Asian, non-Hispanic"
2020,CA,55.4,"Multiracial, non-Hispanic"
2020,AR,245.6,"Black, non-Hispanic"
2020,AL,65.3,"Asian, non-Hispanic"
2020,CT,163.6,"Black, non-Hispanic"
2020,AZ,67.3,"Asian, non-Hispanic"
2020,AL,344.3,"White, non-Hispanic"
2020,CO,167.2,"White, non-Hispanic"
2020,CO,69.0,Hispanic
2019,WY,54.6,Hispanic
2020,AL,269.5,"Black, non-Hispanic"
2020,DE,285.0,"White, non-Hispanic"
2020,CA,115.2,"Asian, non-Hispanic"
2020,CO,116.2,"American Indian or Alaska Native, non-Hispanic"
2019,WY,208.9,"White, non-Hispanic"
2020,AR,72.2,"Asian, non-Hispanic"
2020,AK,140.1,"White, non-Hispanic"
2020,AK,167.5,"American Indian or Alaska Native, non-Hispanic"
2019,WI,129.7,"American Indian or Alaska Native, non-Hispanic"
2020,CA,80.3,Hispanic
2020,CO,158.1,"Black, non-Hispanic"
2019,WI,38.5,Hispanic
2020,CA,283.2,"White, non-Hispanic"
2020,DE,180.2,"Black, non-Hispanic"
2020,AZ,149.1,"Hawaiian or Pacific Islander, non-Hispanic"
2020,IA,40.9,"Asian, non-Hispanic"
2020,KS,70.3,"Multiracial, non-Hispanic"
2020,IL,75.3,"Asian, non-Hispanic"
2020,KS,46.7,Hispanic
2020,GA,10.5,"Multiracial, non-Hispanic"
2020,IL,265.7,"Black, non-Hispanic"
2020,KS,224.3,"Black, non-Hispanic"
2020,FL,100.9,"American Indian or Alaska Native, non-Hispanic"
2020,IL,20.7,"Multiracial, non-Hispanic"
2020,ID,154.3,"American Indian or Alaska Native, non-Hispanic"
2020,HI,176.2,"Multiracial, non-Hispanic"
2020,GA,30.3,Hispanic
2020,GA,53.0,"Asian, non-Hispanic"
2020,KY,277.0,"White, non-Hispanic"
2020,ID,77.5,"Asian, non-Hispanic"
2020,GA,183.0,"Black, non-Hispanic"
2020,FL,178.3,"Black, non-Hispanic"
2020,HI,137.1,"Hawaiian or Pacific Islander, non-Hispanic"
2020,IL,272.8,"White, non-Hispanic"
2020,IN,198.8,"Black, non-Hispanic"
2020,KS,251.8,"White, non-Hispanic"
2020,DC,80.7,"White, non-Hispanic"
2020,ID,36.2,Hispanic
2020,KS,186.8,"American Indian or Alaska Native, non-Hispanic"
2020,HI,84.1,"Black, non-Hispanic"
2020,DC,339.9,"Black, non-Hispanic"
2020,FL,120.3,Hispanic
2020,FL,308.8,"White, non-Hispanic"
2020,KS,53.9,"Asian, non-Hispanic"
2020,FL,36.8,"Multiracial, non-Hispanic"
2020,IN,256.5,"White, non-Hispanic"
2020,HI,93.5,Hispanic
2020,DC,60.4,Hispanic
2020,HI,212.5,"Asian, non-Hispanic"
2020,FL,81.2,"Asian, non-Hispanic"
2020,GA,258.3,"White, non-Hispanic"
2020,IN,50.2,Hispanic
2020,IL,56.6,Hispanic
2020,IA,31.6,Hispanic
2020,KY,54.7,"Asian, non-Hispanic"
2020,ID,203.8,"White, non-Hispanic"
2020,IN,37.6,"Asian, non-Hispanic"
2020,IA,142.3,"Black, non-Hispanic"
2020,HI,215.6,"White, non-Hispanic"
2020,KY,33.5,Hispanic
2020,KY,221.7,"Black, non-Hispanic"
2020,IA,269.2,"White, non-Hispanic"
2020,MN,66.7,"Black, non-Hispanic"
2020,MS,341.1,"White, non-Hispanic"
2020,MO,63.5,"Asian, non-Hispanic"
2020,MI,68.3,Hispanic
2020,MO,282.8,"White, non-Hispanic"
2020,MT,243.6,"White, non-Hispanic"
2020,MD,271.7,"White, non-Hispanic"
2020,ME,237.8,"White, non-Hispanic"
2020,MD,71.8,"Asian, non-Hispanic"
2020,MA,22.7,"Multiracial, non-Hispanic"
2020,MI,293.3,"White, non-Hispanic"
2020,MI,74.6,"Asian, non-Hispanic"
2020,MA,51.6,Hispanic
2020,LA,302.8,"White, non-Hispanic"
2020,MN,19.9,"Multiracial, non-Hispanic"
2020,MI,320.9,"Black, non-Hispanic"
2020,MA,47.6,"Asian, non-Hispanic"
2020,MN,37.1,"Asian, non-Hispanic"
2020,MS,269.6,"Black, non-Hispanic"
2020,MT,55.6,Hispanic
2020,LA,251.6,"Black, non-Hispanic"
2020,LA,66.9,Hispanic
2020,MD,38.0,Hispanic
2020,MS,59.0,Hispanic
2020,MS,96.2,"Asian, non-Hispanic"
2020,MI,45.0,"Multiracial, non-Hispanic"
2020,LA,106.3,"American Indian or Alaska Native, non-Hispanic"
2020,MI,163.8,"American Indian or Alaska Native, non-Hispanic"
2020,MT,172.4,"American Indian or Alaska Native, non-Hispanic"
2020,NE,24.4,Hispanic
2020,MN,180.2,"White, non-Hispanic"
2020,MO,18.0,"Multiracial, non-Hispanic"
2020,MN,131.0,"American Indian or Alaska Native, non-Hispanic"
2020,NE,221.3,"White, non-Hispanic"
2020,MN,21.8,Hispanic
2020,MO,82.6,"American Indian or Alaska Native, non-Hispanic"
2020,MA,211.2,"White, non-Hispanic"
2020,MD,213.8,"Black, non-Hispanic"
2020,LA,74.9,"Asian, non-Hispanic"
2020,MO,266.2,"Black, non-Hispanic"
2020,NE,100.1,"Black, non-Hispanic"
2020,MA,120.9,"Black, non-Hispanic"
2020,MO,52.5,Hispanic
2020,NC,169.7,"American Indian or Alaska Native, non-Hispanic"
2020,OK,278.4,"Black, non-Hispanic"
2020,OK,54.8,Hispanic
2020,NY,302.4,"White, non-Hispanic"
2020,NM,108.3,"American Indian or Alaska Native, non-Hispanic"
2020,NM,132.6,Hispanic
2020,NV,273.1,"Hawaiian or Pacific Islander, non-Hispanic"
2020,NJ,80.9,Hispanic
2020,NV,65.9,Hispanic
2020,NY,88.3,"American Indian or Alaska Native, non-Hispanic"
2020,ND,246.3,"American Indian or Alaska Native, non-Hispanic"
2020,OR,215.2,"White, non-Hispanic"
2020,NY,128.3,"Asian, non-Hispanic"
2020,OK,124.5,"Multiracial, non-Hispanic"
2020,OR,57.0,"Asian, non-Hispanic"
2020,OK,205.2,"American Indian or Alaska Native, non-Hispanic"
2020,NC,28.0,Hispanic
2020,NV,51.7,"Multiracial, non-Hispanic"
2020,NJ,308.3,"White, non-Hispanic"
2020,OR,35.7,"Multiracial, non-Hispanic"
2020,OR,31.0,Hispanic
2020,OH,57.0,"Asian, non-Hispanic"
2020,OK,70.0,"Asian, non-Hispanic"
2020,OH,289.6,"White, non-Hispanic"
2020,NC,13.7,"Multiracial, non-Hispanic"
2020,NV,251.3,"Black, non-Hispanic"
2020,OR,123.0,"American Indian or Alaska Native, non-Hispanic"
2020,NM,96.6,"Asian, non-Hispanic"
2020,OK,375.1,"White, non-Hispanic"
2020,NJ,25.1,"Multiracial, non-Hispanic"
2020,NC,43.4,"Asian, non-Hispanic"
2020,NY,300.4,"Black, non-Hispanic"
2020,ND,208.4,"White, non-Hispanic"
2020,NV,213.3,"American Indian or Alaska Native, non-Hispanic"
2020,OR,129.8,"Black, non-Hispanic"
2020,NC,194.7,"Black, non-Hispanic"
2020,NJ,233.4,"Black, non-Hispanic"
2020,NY,26.3,"Multiracial, non-Hispanic"
2020,OH,106.1,"American Indian or Alaska Native, non-Hispanic"
2020,NV,158.9,"Asian, non-Hispanic"
2020,NH,226.6,"White, non-Hispanic"
2020,OH,11.0,"Multiracial, non-Hispanic"
2020,NV,358.7,"White, non-Hispanic"
2020,NM,322.4,"White, non-Hispanic"
2020,NC,231.3,"White, non-Hispanic"
2020,NM,224.6,"Black, non-Hispanic"
2020,OH,48.8,Hispanic
2020,NY,129.4,Hispanic
2020,OH,245.3,"Black, non-Hispanic"
2020,NJ,74.3,"Asian, non-Hispanic"
2020,NJ,161.5,"American Indian or Alaska Native, non-Hispanic"
2020,PA,257.6,"Black, non-Hispanic"
2020,RI,41.9,Hispanic
2020,VA,207.8,"Black, non-Hispanic"
2020,PA,17.9,"Multiracial, non-Hispanic"
2020,VA,31.3,Hispanic
2020,RI,104.8,"Black, non-Hispanic"
2020,US,89.1,"Asian, non-Hispanic"
2020,PA,56.7,Hispanic
2020,TN,59.0,"Asian, non-Hispanic"
2020,UT,157.6,"Hawaiian or Pacific Islander, non-Hispanic"
2020,VA,220.8,"White, non-Hispanic"
2020,TN,34.9,Hispanic
2020,TX,146.2,"Hawaiian or Pacific Islander, non-Hispanic"
2020,SC,61.5,"Asian, non-Hispanic"
2020,TN,16.3,"Multiracial, non-Hispanic"
2020,TN,233.4,"Black, non-Hispanic"
2020,US,78.8,Hispanic
2020,UT,51.0,"Asian, non-Hispanic"
2020,US,150.6,"Hawaiian or Pacific Islander, non-Hispanic"
2020,UT,154.3,"White, non-Hispanic"
2020,VA,92.0,"American Indian or Alaska Native, non-Hispanic"
2020,US,224.3,"Black, non-Hispanic"
2020,PA,294.6,"White, non-Hispanic"
2020,UT,40.7,Hispanic
2020,PA,61.7,"Asian, non-Hispanic"
2020,UT,86.3,"American Indian or Alaska Native, non-Hispanic"
2020,US,144.3,"American Indian or Alaska Native, non-Hispanic"
2020,VT,259.8,"White, non-Hispanic"
2020,RI,283.3,"White, non-Hispanic"
2020,SC,246.6,"White, non-Hispanic"
2020,TX,14.0,"Multiracial, non-Hispanic"
2020,TX,75.3,"American Indian or Alaska Native, non-Hispanic"
2020,TN,296.9,"White, non-Hispanic"
2020,SC,35.3,Hispanic
2020,US,37.3,"Multiracial, non-Hispanic"
2020,RI,83.2,"Asian, non-Hispanic"
2020,TX,89.4,Hispanic
2020,TX,194.5,"Black, non-Hispanic"
2020,US,268.9,"White, non-Hispanic"
2020,VA,57.5,"Asian, non-Hispanic"
2020,SD,160.3,"American Indian or Alaska Native, non-Hispanic"
2020,UT,84.1,"Black, non-Hispanic"
2020,TX,55.6,"Asian, non-Hispanic"
2020,TX,265.4,"White, non-Hispanic"
2020,SD,230.9,"White, non-Hispanic"
2020,SC,219.9,"Black, non-Hispanic"
2020,VA,15.7,"Multiracial, non-Hispanic"
2020,WV,302.4,"White, non-Hispanic"
2021,AL,50.0,"Asian, non-Hispanic"
2021,AL,117.2,"American Indian or Alaska Native, non-Hispanic"
2021,AR,249.4,"Black, non-Hispanic"
2021,AL,31.5,Hispanic
2020,WY,224.3,"White, non-Hispanic"
2021,CA,219.1,"Hawaiian or Pacific Islander, non-Hispanic"
2021,AZ,110.0,"American Indian or Alaska Native, non-Hispanic"
2021,AK,147.9,"White, non-Hispanic"
2020,WA,134.0,"Black, non-Hispanic"
2021,AZ,192.2,"Hawaiian or Pacific Islander, non-Hispanic"
2021,AZ,79.5,"Asian, non-Hispanic"
2021,AK,183.4,"American Indian or Alaska Native, non-Hispanic"
2020,WY,180.5,"American Indian or Alaska Native, non-Hispanic"
2021,AK,76.5,"Multiracial, non-Hispanic"
2020,WI,56.8,"Asian, non-Hispanic"
2021,CA,247.3,"Black, non-Hispanic"
2020,WA,130.3,"Hawaiian or Pacific Islander, non-Hispanic"
2020,WA,186.8,"American Indian or Alaska Native, non-Hispanic"
2021,AZ,153.5,"Black, non-Hispanic"
2020,WY,68.0,Hispanic
2021,AK,254.3,"Hawaiian or Pacific Islander, non-Hispanic"
2021,AZ,74.5,Hispanic
2020,WI,180.1,"American Indian or Alaska Native, non-Hispanic"
2020,WA,32.4,"Multiracial, non-Hispanic"
2021,CA,51.3,"Multiracial, non-Hispanic"
2021,AL,273.2,"Black, non-Hispanic"
2021,CA,215.7,"American Indian or Alaska Native, non-Hispanic"
2020,WA,37.1,Hispanic
2021,AZ,64.3,"Multiracial, non-Hispanic"
2021,CA,79.1,Hispanic
2020,WA,204.0,"White, non-Hispanic"
2021,AL,346.7,"White, non-Hispanic"
2021,AZ,297.2,"White, non-Hispanic"
2021,AR,72.5,"Asian, non-Hispanic"
2021,AR,335.5,"White, non-Hispanic"
2020,WA,61.7,"Asian, non-Hispanic"
2021,AR,28.7,Hispanic
2020,WI,246.4,"White, non-Hispanic"
2020,WV,223.1,"Black, non-Hispanic"
2021,CA,284.4,"White, non-Hispanic"
2020,WI,188.1,"Black, non-Hispanic"
2021,CA,112.8,"Asian, non-Hispanic"
2021,AK,79.0,"Asian, non-Hispanic"
2020,WI,39.5,Hispanic
2021,AK,143.6,"Black, non-Hispanic"
2021,DC,76.9,"White, non-Hispanic"
2021,GA,59.5,"Asian, non-Hispanic"
2021,DE,162.1,"Black, non-Hispanic"
2021,GA,35.4,Hispanic
2021,DE,55.3,"Asian, non-Hispanic"
2021,CO,131.7,"American Indian or Alaska Native, non-Hispanic"
2021,DC,348.8,"Black, non-Hispanic"
2021,FL,318.3,"White, non-Hispanic"
2021,FL,84.3,"Asian, non-Hispanic"
2021,FL,93.8,"American Indian or Alaska Native, non-Hispanic"
2021,CT,51.6,Hispanic
2021,HI,162.5,"Multiracial, non-Hispanic"
2021,CO,140.8,"Black, non-Hispanic"
2021,DE,287.8,"White, non-Hispanic"
2021,GA,268.5,"White, non-Hispanic"
2021,CO,56.2,"Asian, non-Hispanic"
2021,FL,116.6,Hispanic
2021,CO,68.3,Hispanic
2021,FL,178.4,"Black, non-Hispanic"
2021,DE,35.6,Hispanic
2021,GA,11.0,"Multiracial, non-Hispanic"
2021,CO,21.5,"Multiracial, non-Hispanic"
2021,HI,223.7,"Asian, non-Hispanic"
2021,GA,185.7,"Black, non-Hispanic"
2021,CT,43.9,"Asian, non-Hispanic"
2021,HI,206.4,"White, non-Hispanic"
2021,DC,48.1,Hispanic
2021,CO,170.2,"White, non-Hispanic"
2021,HI,152.3,"Hawaiian or Pacific Islander, non-Hispanic"
2021,FL,33.8,"Multiracial, non-Hispanic"
2021,HI,75.6,Hispanic
2021,CT,244.8,"White, non-Hispanic"
2021,CT,154.6,"Black, non-Hispanic"
2021,IA,49.8,"Asian, non-Hispanic"
2021,LA,314.2,"White, non-Hispanic"
2021,KS,145.9,"American Indian or Alaska Native, non-Hispanic"
2021,KY,285.8,"White, non-Hispanic"
2021,IN,42.6,Hispanic
2021,ID,211.4,"White, non-Hispanic"
2021,KY,216.6,"Black, non-Hispanic"
2021,KS,60.1,"Asian, non-Hispanic"
2021,IL,66.9,"Asian, non-Hispanic"
2021,IL,22.7,"Multiracial, non-Hispanic"
2021,ME,258.4,"White, non-Hispanic"
2021,KS,55.1,"Multiracial, non-Hispanic"
2021,IA,36.3,Hispanic
2021,ID,109.7,"American Indian or Alaska Native, non-Hispanic"
2021,KY,30.3,Hispanic
2021,IL,255.6,"Black, non-Hispanic"
2021,LA,256.9,"Black, non-Hispanic"
2021,IL,260.9,"White, non-Hispanic"
2021,IN,201.0,"Black, non-Hispanic"
2021,IN,45.9,"Asian, non-Hispanic"
2021,LA,65.4,Hispanic
2021,KY,54.7,"Asian, non-Hispanic"
2021,LA,92.2,"American Indian or Alaska Native, non-Hispanic"
2021,KS,208.0,"Black, non-Hispanic"
2021,LA,83.3,"Asian, non-Hispanic"
2021,ID,41.7,Hispanic
2021,ME,89.1,"Black, non-Hispanic"
2021,IL,52.9,Hispanic
2021,KS,255.4,"White, non-Hispanic"
2021,IA,275.1,"White, non-Hispanic"
2021,IA,129.5,"Black, non-Hispanic"
2021,KS,49.7,Hispanic
2021,IN,256.6,"White, non-Hispanic"
2021,MA,48.0,"Asian, non-Hispanic"
2021,MT,247.8,"White, non-Hispanic"
2021,MN,28.8,Hispanic
2021,MO,251.3,"Black, non-Hispanic"
2021,MS,264.0,"Black, non-Hispanic"
2021,MN,138.4,"American Indian or Alaska Native, non-Hispanic"
2021,MD,14.2,"Multiracial, non-Hispanic"
2021,MO,26.4,"Multiracial, non-Hispanic"
2021,MS,104.3,"Asian, non-Hispanic"
2021,MS,46.6,Hispanic
2021,MN,66.4,"Black, non-Hispanic"
2021,MI,293.4,"Black, non-Hispanic"
2021,MD,65.8,"Asian, non-Hispanic"
2021,NE,158.4,"American Indian or Alaska Native, non-Hispanic"
2021,MS,160.1,"American Indian or Alaska Native, non-Hispanic"
2021,MI,60.8,"Asian, non-Hispanic"
2021,MI,290.0,"White, non-Hispanic"
2021,MA,213.7,"White, non-Hispanic"
2021,NE,232.9,"White, non-Hispanic"
2021,MI,78.3,Hispanic
2021,MO,279.9,"White, non-Hispanic"
2021,MN,40.7,"Asian, non-Hispanic"
2021,MN,178.3,"White, non-Hispanic"
2021,MA,110.8,"Black, non-Hispanic"
2021,MO,49.1,Hispanic
2021,NE,109.5,"Black, non-Hispanic"
2021,MT,68.7,Hispanic
2021,MI,41.9,"Multiracial, non-Hispanic"
2021,MD,259.8,"White, non-Hispanic"
2021,MD,199.6,"Black, non-Hispanic"
2021,MN,22.2,"Multiracial, non-Hispanic"
2021,MS,350.7,"White, non-Hispanic"
2021,NE,33.1,Hispanic
2021,MO,77.4,"American Indian or Alaska Native, non-Hispanic"
2021,MA,50.5,Hispanic
2021,MD,36.4,Hispanic
2021,MI,175.2,"American Indian or Alaska Native, non-Hispanic"
2021,MT,200.9,"American Indian or Alaska Native, non-Hispanic"
2021,MO,66.5,"Asian, non-Hispanic"
2021,MA,27.0,"Multiracial, non-Hispanic"
2021,NV,248.6,"Hawaiian or Pacific Islander, non-Hispanic"
2021,NY,269.6,"White, non-Hispanic"
2021,ND,205.7,"White, non-Hispanic"
2021,OK,387.7,"White, non-Hispanic"
2021,OH,55.0,Hispanic
2021,NY,101.7,Hispanic
2021,NJ,70.5,Hispanic
2021,OK,120.1,"Multiracial, non-Hispanic"
2021,NC,245.5,"White, non-Hispanic"
2021,OK,243.9,"American Indian or Alaska Native, non-Hispanic"
2021,NC,182.2,"American Indian or Alaska Native, non-Hispanic"
2021,NC,202.2,"Black, non-Hispanic"
2021,NV,157.2,"Asian, non-Hispanic"
2021,OH,53.9,"Asian, non-Hispanic"
2021,NJ,280.9,"White, non-Hispanic"
2021,OK,89.5,"Asian, non-Hispanic"
2021,OH,11.3,"Multiracial, non-Hispanic"
2021,ND,199.0,"American Indian or Alaska Native, non-Hispanic"
2021,NH,97.6,"Black, non-Hispanic"
2021,NJ,21.7,"Multiracial, non-Hispanic"
2021,NM,120.7,Hispanic
2021,NY,19.5,"Multiracial, non-Hispanic"
2021,OK,278.2,"Black, non-Hispanic"
2021,NC,11.5,"Multiracial, non-Hispanic"
2021,NY,99.0,"Asian, non-Hispanic"
2021,NV,361.3,"White, non-Hispanic"
2021,OH,243.8,"Black, non-Hispanic"
2021,NM,115.5,"American Indian or Alaska Native, non-Hispanic"
2021,OH,288.4,"White, non-Hispanic"
2021,NC,27.2,Hispanic
2021,NJ,207.0,"Black, non-Hispanic"
2021,NM,93.2,"Asian, non-Hispanic"
2021,NH,224.4,"White, non-Hispanic"
2021,NV,215.1,"American Indian or Alaska Native, non-Hispanic"
2021,OK,50.9,Hispanic
2021,NV,271.8,"Black, non-Hispanic"
2021,NY,236.5,"Black, non-Hispanic"
2021,NV,49.7,"Multiracial, non-Hispanic"
2021,NM,213.8,"Black, non-Hispanic"
2021,NV,68.7,Hispanic
2021,NM,330.0,"White, non-Hispanic"
2021,OH,91.5,"American Indian or Alaska Native, non-Hispanic"
2021,NH,41.1,Hispanic
2021,NC,54.3,"Asian, non-Hispanic"
2021,NY,136.2,"American Indian or Alaska Native, non-Hispanic"
2021,NJ,66.9,"Asian, non-Hispanic"
2021,TN,34.3,Hispanic
2021,PA,235.8,"Black, non-Hispanic"
2021,OR,128.6,"Hawaiian or Pacific Islander, non-Hispanic"
2021,TX,88.1,Hispanic
2021,OR,35.7,Hispanic
2021,SC,239.0,"Black, non-Hispanic"
2021,PA,290.1,"White, non-Hispanic"
2021,TX,185.3,"Black, non-Hispanic"
2021,TN,233.1,"Black, non-Hispanic"
2021,OR,162.1,"American Indian or Alaska Native, non-Hispanic"
2021,SC,263.2,"White, non-Hispanic"
2021,PA,61.0,"Asian, non-Hispanic"
2021,RI,39.9,Hispanic
2021,RI,281.8,"White, non-Hispanic"
2021,TX,142.7,"Hawaiian or Pacific Islander, non-Hispanic"
2021,TN,303.4,"White, non-Hispanic"
2021,RI,56.9,"Asian, non-Hispanic"
2021,TN,64.0,"Asian, non-Hispanic"
2021,TX,59.2,"Asian, non-Hispanic"
2021,PA,52.2,Hispanic
2021,SD,172.0,"American Indian or Alaska Native, non-Hispanic"
2021,SD,211.7,"White, non-Hispanic"
2021,OR,227.6,"White, non-Hispanic"
2021,TX,271.7,"White, non-Hispanic"
2021,SC,57.7,"Asian, non-Hispanic"
2021,SC,144.6,"American Indian or Alaska Native, non-Hispanic"
2021,TN,14.9,"Multiracial, non-Hispanic"
2021,TX,58.8,"American Indian or Alaska Native, non-Hispanic"
2021,RI,107.2,"Black, non-Hispanic"
2021,OR,34.3,"Multiracial, non-Hispanic"
2021,SC,36.7,Hispanic
2021,OR,153.7,"Black, non-Hispanic"
2021,PA,13.4,"Multiracial, non-Hispanic"
2021,TX,12.0,"Multiracial, non-Hispanic"
2021,OR,63.9,"Asian, non-Hispanic"
2021,UT,119.3,"American Indian or Alaska Native, non-Hispanic"
2021,WA,134.8,"Black, non-Hispanic"
2021,UT,41.9,Hispanic
2021,WI,247.8,"White, non-Hispanic"
2021,WA,37.0,Hispanic
2021,VA,237.1,"White, non-Hispanic"
2021,VA,29.7,Hispanic
2021,WI,181.6,"Black, non-Hispanic"
2021,UT,151.2,"White, non-Hispanic"
2021,US,36.1,"Multiracial, non-Hispanic"
2021,WA,214.9,"White, non-Hispanic"
2021,WA,73.1,"Asian, non-Hispanic"
2021,WI,40.7,Hispanic
2021,WA,39.1,"Multiracial, non-Hispanic"
2021,WA,207.9,"American Indian or Alaska Native, non-Hispanic"
2021,US,216.2,"Black, non-Hispanic"
2021,US,269.9,"White, non-Hispanic"
2021,UT,43.7,"Asian, non-Hispanic"
2021,VA,90.8,"American Indian or Alaska Native, non-Hispanic"
2021,WV,327.3,"White, non-Hispanic"
2021,WI,18.2,"Multiracial, non-Hispanic"
2021,VA,21.1,"Multiracial, non-Hispanic"
2021,US,153.3,"American Indian or Alaska Native, non-Hispanic"
2021,UT,95.7,"Black, non-Hispanic"
2021,WV,62.3,Hispanic
2021,US,75.6,Hispanic
2021,WA,169.6,"Hawaiian or Pacific Islander, non-Hispanic"
2021,UT,131.2,"Hawaiian or Pacific Islander, non-Hispanic"
2021,WI,56.8,"Asian, non-Hispanic"
2021,VT,261.6,"White, non-Hispanic"
2021,VA,211.9,"Black, non-Hispanic"
2021,WI,161.8,"American Indian or Alaska Native, non-Hispanic"
2021,US,160.0,"Hawaiian or Pacific Islander, non-Hispanic"
2021,US,86.4,"Asian, non-Hispanic"
2021,WV,259.1,"Black, non-Hispanic"
2021,VA,59.7,"Asian, non-Hispanic"
2021,WY,78.6,Hispanic
2021,WY,215.8,"White, non-Hispanic"
